"1",0.0190542818861843
"2",2.87758976179128
"3",2.51502893137382
"4",0.144749456911621
"5",3.29485757851585
"6",4.14921831064593
"7",2.18150235777819
"8",0.632788739882779
"9",2.8843728908928
"10",-1.06782368841068
"11",4.06419976012579
"12",2.81634693347903
"13",0.237709833696494
"14",0.917680914710844
"15",3.86636371602551
"16",1.6034582514388
"17",3.32037853066265
"18",2.12902936135351
"19",1.41572632034386
"20",2.17674984037894
"21",0.643715375103248
"22",1.08647155915701
"23",2.91345321500959
"24",1.99394475554272
"25",1.72598908646516
"26",1.83420443212251
"27",1.8126093781366
"28",2.56575851861567
"29",2.49600053672408
"30",4.10543242555935
"31",2.62524854959276
"32",-0.0817211521551457
"33",2.89732254488958
"34",-0.088317178303722
"35",3.07173151373492
"36",3.58999370020363
"37",2.45083510234162
"38",2.42269566592653
"39",2.00866931694798
"40",1.71757106463522
"41",1.39640050080046
"42",4.51518364158199
"43",0.0621550219644953
"44",4.07471857511749
"45",2.71983218125291
"46",0.451328127950875
"47",2.01668994482158
"48",2.5544468370681
"49",1.79005773490715
"50",2.38235410569988
"51",1.43925421560046
"52",1.14609997304053
"53",2.82324879113917
"54",3.25354508427929
"55",-0.68731963335001
"56",3.32654318786691
"57",1.10274077139882
"58",1.66042952980375
"59",2.87678568637531
"60",1.0068002232069
"61",-0.449996035292688
"62",3.19680787397737
"63",4.28204921732001
"64",1.26154686044173
"65",0.602913376152221
"66",3.69473519439015
"67",2.15906335490103
"68",0.877841319631079
"69",4.93092502516667
"70",-0.200541419923413
"71",-0.512952887947599
"72",2.90290908729516
"73",3.13225175649519
"74",2.88987961885851
"75",4.26378919696143
"76",1.33426021179235
"77",2.3591351561705
"78",2.1410317474914
"79",-0.187425579424376
"80",1.36280768237456
"81",3.85502190851935
"82",1.32369009714946
"83",2.34531533519731
"84",3.26428473080025
"85",0.822290059417961
"86",2.66598387389567
"87",1.67113144666125
"88",-0.205556758667615
"89",2.69258818796869
"90",3.93484692359158
"91",1.20755297680764
"92",0.703937324298761
"93",2.99864466034591
"94",0.77745353537918
"95",2.53523877883757
"96",5.53825104408007
"97",1.46734362480603
"98",2.78479659631587
"99",4.21964653626542
"100",1.18811257829826
"101",1.84161368287947
"102",1.72079930648044
"103",-0.221128027530257
"104",3.55494244580779
"105",3.36784767631419
"106",1.24244228381154
"107",1.20963080733649
"108",3.81680414981319
"109",-0.233463366853939
"110",3.06664836577688
"111",1.75620218385602
"112",-0.104334084645054
"113",1.84305476701175
"114",2.90815806928165
"115",0.16369404689221
"116",1.4297911509613
"117",3.95794329941776
"118",1.05117658033532
"119",1.82238543628834
"120",1.08686694452433
"121",1.21594805365032
"122",1.90890088506666
"123",5.11691124985924
"124",1.06905930973564
"125",1.31475842390115
"126",3.59924827495897
"127",0.95550264580475
"128",2.1433596435334
"129",2.84191880457006
"130",0.314191004877715
"131",1.59144884958729
"132",4.8657175170989
"133",0.871623123353616
"134",0.559670119517812
"135",5.32723892587608
"136",1.48761989352799
"137",3.65163886808683
"138",2.9625027285682
"139",0.857381465954745
"140",2.19659004876481
"141",2.35140204347762
"142",1.20865875593044
"143",0.714980964552078
"144",3.65873648888761
"145",1.40120903287894
"146",2.43681666025641
"147",3.83394919700582
"148",1.65240045956041
"149",3.88300414955926
"150",3.62057253628704
"151",-0.327087162357345
"152",1.04098864326434
"153",2.80192008262594
"154",3.61059508651505
"155",3.13907341291217
"156",4.44228278247395
"157",1.35676896107831
"158",2.80503171500036
"159",3.2569348520096
"160",1.45318052375268
"161",2.07946926844926
"162",3.66564081428638
"163",2.48016556441797
"164",2.06785222230547
"165",2.91373768550723
"166",1.0238858205956
"167",1.44148874269063
"168",3.07372271885483
"169",0.819228722408026
"170",1.45614048205976
"171",4.84053827957037
"172",0.44038057903633
"173",0.869281807675542
"174",2.93832789255127
"175",0.374650764945682
"176",0.519381922830636
"177",3.29139858402392
"178",0.884218191899438
"179",1.11356556566828
"180",3.49615423279511
"181",0.478822382834832
"182",0.995826889170622
"183",3.18348531953773
"184",0.931902969015211
"185",2.85025862111299
"186",3.19821437666252
"187",-0.338224282336772
"188",3.69963036744633
"189",3.2421848215393
"190",0.617120670450766
"191",1.5344538860002
"192",2.17617323652991
"193",1.95833049953061
"194",3.45755165851881
"195",3.47546589368698
"196",1.30190807635942
"197",2.07122195275039
"198",4.91576439410887
"199",0.5478915903551
"200",-0.416863716513237
"201",3.17450072546936
"202",1.08193069864467
"203",2.50600116093417
"204",2.77669149264656
"205",1.61783656837263
"206",0.505397574972412
"207",1.18502482105186
"208",0.652290213572221
"209",2.69766706615016
"210",2.91954648579932
"211",2.74181901811988
"212",2.39175939689405
"213",2.99591500387332
"214",1.51334592403277
"215",0.546242989206914
"216",3.99950039289048
"217",1.55667700976816
"218",1.76397993690665
"219",4.4656597716795
"220",1.17927362404487
"221",3.52330123366539
"222",3.56748913586018
"223",1.09332928017284
"224",0.871983460016258
"225",2.37228972116378
"226",0.379323305406626
"227",2.28422850084011
"228",4.30699724885673
"229",4.02239458032933
"230",1.72988921531874
"231",3.02763972576266
"232",0.252181629503422
"233",2.19617012308356
"234",2.8773492410752
"235",0.437606153009564
"236",2.82492763474148
"237",3.66642815149696
"238",0.383392459472705
"239",2.65577375881174
"240",3.26536245339864
"241",3.15595098055421
"242",2.98875334135943
"243",2.21377074546761
"244",0.650544166162851
"245",2.0341943608248
"246",3.34544312795088
"247",3.42150117504092
"248",3.15092090357886
"249",2.77471122864176
"250",0.0655860390787866
"251",2.98065234608033
"252",4.18617117793742
"253",1.62293827977896
"254",2.97918334043238
"255",2.59047831457701
"256",1.69590988414708
"257",2.50312609880763
"258",3.95712181631549
"259",0.430225471941145
"260",1.28529259592778
"261",2.38970226975883
"262",1.17553806364843
"263",3.00642008912186
"264",3.21067580859012
"265",-1.10418546721782
"266",0.944917155508179
"267",4.71303040269045
"268",3.0445656449223
"269",2.14512220673335
"270",1.08098372690146
"271",1.49806445976546
"272",2.2689818527257
"273",3.67931056319714
"274",2.0256417860464
"275",2.17315596384452
"276",3.40251364914198
"277",-0.535897284448382
"278",2.63492108290639
"279",3.10405673732788
"280",2.62712393691883
"281",0.842108774922836
"282",3.93852346926559
"283",2.36901621507964
"284",2.1428020563737
"285",4.14962366878911
"286",0.233844436452212
"287",3.63332932710607
"288",1.40648170277012
"289",1.9575719240619
"290",1.1606764961219
"291",4.1844906343559
"292",2.24848675482718
"293",1.65266512009264
"294",0.404327758091922
"295",1.15260942745715
"296",0.941375453187461
"297",3.71037491867292
"298",1.38523682623458
"299",2.00106999213324
"300",2.63913904529276
"301",1.42369024732169
"302",2.06594415585088
"303",3.43065608433048
"304",0.671801849224404
"305",0.536621624696524
"306",1.06241224346562
"307",1.78214515642555
"308",1.69471207834458
"309",3.97645089747496
"310",-0.949259126905337
"311",0.6457041604331
"312",3.12734518295545
"313",2.30503892380287
"314",2.91858787243237
"315",3.35404811249404
"316",3.02210201025632
"317",2.59312161883754
"318",2.46254319991845
"319",0.124428167534846
"320",2.6786866597753
"321",1.9442273664173
"322",0.0590278272153465
"323",1.3770320790025
"324",3.07318393307606
"325",2.2806075863399
"326",1.60571570000768
"327",3.63390515500555
"328",2.18933370778359
"329",0.368733520647641
"330",2.82020974458704
"331",1.52661139373344
"332",3.10670292891803
"333",3.84053476734046
"334",0.08201904840251
"335",2.71994466436194
"336",2.74189800708593
"337",3.01468247166907
"338",2.57539877507222
"339",4.50823315079735
"340",1.6485212925424
"341",1.43011446187506
"342",1.99746578903922
"343",-1.51762993665823
"344",1.28283885367921
"345",4.43948172892554
"346",1.52810218217784
"347",1.25085473683395
"348",4.8884485278844
"349",1.19963444512903
"350",2.17583180197027
"351",3.05107210440502
"352",1.96783127474912
"353",2.05068488441194
"354",2.89120460554451
"355",0.59148285743732
"356",0.845513310321269
"357",4.39662987245277
"358",0.00447215324463757
"359",0.616665059385071
"360",2.40231306628253
"361",1.59469343139097
"362",1.36794343585607
"363",2.02855299246174
"364",1.77264484027068
"365",3.43684619195221
"366",2.52709655182177
"367",1.65777648796639
"368",1.33522326767282
"369",3.47138718708322
"370",2.05604277449831
"371",1.55339774683157
"372",3.32212086424461
"373",-0.487562758666142
"374",2.25429839231037
"375",2.43416854452215
"376",2.26126853838765
"377",0.37491654498022
"378",3.20595800338373
"379",1.69460714769616
"380",2.63058417616684
"381",3.49371399288238
"382",-0.232435429580737
"383",3.81111200413986
"384",1.2225911039063
"385",0.907660455472466
"386",3.55754734888483
"387",2.7244659925652
"388",0.805987833218137
"389",1.23780371210291
"390",4.12120030120616
"391",2.38742575142773
"392",0.870368442834302
"393",3.85570733860637
"394",0.209387205534194
"395",1.20121494334779
"396",2.23808907606472
"397",0.399076220741573
"398",1.55858414861093
"399",4.62849510593267
"400",0.604942619220094
"401",2.36393701096767
"402",4.20833191838883
"403",-1.09332404205358
"404",-0.196300364535285
"405",3.52865445622767
"406",0.830402934538054
"407",1.45327871294226
"408",5.99360990257763
"409",1.67235195494999
"410",-0.277778570419539
"411",2.62641024613782
"412",0.595121570724342
"413",2.16472614533031
"414",3.62712724541491
"415",1.63788602460529
"416",2.36471796272143
"417",3.18124238131974
"418",0.00550402570113318
"419",4.28345921630701
"420",2.09222917614224
"421",0.717121253794188
"422",1.36527587612641
"423",2.58810984027327
"424",1.67550021049342
"425",2.12250516254676
"426",2.47926340427237
"427",2.34735610118588
"428",2.80365244938274
"429",1.41875035816777
"430",0.392920756360881
"431",2.98107404035531
"432",3.39436353859629
"433",0.789564941418191
"434",2.18493914154935
"435",4.39965832565359
"436",0.766757857316238
"437",0.501448228518613
"438",4.22128742202883
"439",1.8814139456817
"440",2.51153765984747
"441",3.29078887538931
"442",1.01336403728902
"443",2.0861295235679
"444",2.2644892176866
"445",1.07379502201205
"446",3.97920764390578
"447",3.38478935376188
"448",1.38931670533793
"449",1.89657957667523
"450",3.94949230591109
"451",0.5261341668224
"452",0.224699036225883
"453",2.17230345781327
"454",0.640215759053432
"455",2.37271768625389
"456",4.47707214234752
"457",1.34341451520645
"458",1.27162940959256
"459",3.23882655742005
"460",0.624822196863296
"461",2.70312297212072
"462",2.99747220833484
"463",0.149305387741842
"464",2.84533952969929
"465",2.08136377869069
"466",0.548611973997534
"467",1.99311482490465
"468",2.24014280076476
"469",-1.16591137832668
"470",1.84214245897379
"471",2.35276391718283
"472",0.785138884233657
"473",1.08506649244429
"474",2.83906554226956
"475",-0.188485581788847
"476",3.26253764282247
"477",2.94724768385332
"478",1.31643033921218
"479",2.7604843641224
"480",3.36430344876812
"481",2.16966650508498
"482",1.51615139008147
"483",2.63206130790113
"484",1.64207046861285
"485",2.06634763347143
"486",2.99065100010908
"487",-0.189860938741079
"488",3.62617731657787
"489",1.62695639662099
"490",1.55872671431056
"491",3.02268718846544
"492",3.23153722860264
"493",0.86994121395668
"494",4.23193161119929
"495",3.24038685220753
"496",2.7612235677424
"497",1.44535179169187
"498",3.55383002056868
"499",0.0448993432058735
"500",0.390008897683569
"501",1.7650599460873
"502",1.57427582074823
"503",0.377563451390351
"504",1.65601736202161
"505",-0.845462552463943
"506",4.62996672027675
"507",2.97625533338945
"508",1.56190266164234
"509",2.34223025933298
"510",2.87462922946945
"511",2.4751087293062
"512",0.162595524834121
"513",1.49342766940044
"514",2.21417754676998
"515",2.42225584859455
"516",2.35125049125928
"517",0.346393824701143
"518",3.28674581933981
"519",2.1702803488242
"520",1.15996663511861
"521",1.12791882613652
"522",2.12916493757013
"523",1.43812144243133
"524",2.52083896273154
"525",3.30317993767841
"526",0.531152687086895
"527",0.444523511384954
"528",3.87919073067791
"529",-0.382324291380206
"530",1.6704187103814
"531",1.77204428667817
"532",1.27299995916418
"533",2.00354224089817
"534",1.35758627056259
"535",-0.611346063725607
"536",1.63996923517784
"537",2.93708328211154
"538",0.938477821690121
"539",2.33249298204725
"540",4.38018653441626
"541",0.443343826142335
"542",1.06189020467089
"543",2.93572262762113
"544",1.78593518532271
"545",2.37937176697852
"546",3.47198619855612
"547",1.63674006569299
"548",2.34629921566593
"549",2.96303527576355
"550",1.80683512130137
"551",0.742375392064319
"552",2.32825848757331
"553",-0.674406620725229
"554",2.28048947946488
"555",2.17731218370908
"556",-0.474729062839921
"557",3.41165095952766
"558",3.39331821389434
"559",0.954244987883438
"560",2.57696243705605
"561",2.90162302799404
"562",-1.04243351176731
"563",0.999170437700296
"564",4.01626960439703
"565",-0.441341072879784
"566",2.19550834527491
"567",3.50224690650874
"568",1.20106508631729
"569",1.76166085682045
"570",2.07569627717233
"571",1.36398399790679
"572",1.80067091101261
"573",5.55552115734541
"574",0.588419039489211
"575",2.92806743668419
"576",0.772999039194683
"577",0.341022124107554
"578",0.780790552245708
"579",1.69518736449868
"580",1.16086711139932
"581",0.499642128560575
"582",3.31035184393325
"583",1.40253040180735
"584",0.297648081116783
"585",3.24529516157489
"586",0.972872381542493
"587",1.63427753410947
"588",1.94637989039654
"589",0.619160706934096
"590",2.3317473667764
"591",3.08858676698813
"592",1.01619551041831
"593",2.89861043856591
"594",0.869729368387789
"595",2.51506182269317
"596",1.27061620012373
"597",3.91193189648083
"598",0.153778583792595
"599",2.53898922882882
"600",2.55674897131201
"601",2.39884260534637
"602",1.69729966109511
"603",4.70855532565072
"604",1.83773314613841
"605",1.99214754756177
"606",2.91971097321256
"607",1.0404116947885
"608",0.647930481716148
"609",2.74439176204644
"610",0.209302015871526
"611",1.68873845756698
"612",3.19569127417116
"613",2.54351911845344
"614",4.5066945112817
"615",2.90729497216273
"616",0.982178506026302
"617",1.70989016728838
"618",1.62395384654983
"619",0.458573661905114
"620",3.49737269285726
"621",1.73706454417173
"622",0.255504224384048
"623",3.48351450190268
"624",1.60456693207221
"625",1.50661839480382
"626",3.14788276023856
"627",4.52084139796063
"628",1.13627339366738
"629",0.992670182130004
"630",2.02624517491816
"631",2.09105072756524
"632",1.32368994013204
"633",3.68515612860783
"634",1.81217335927213
"635",3.59818019673855
"636",3.30757506180336
"637",1.1952839151614
"638",2.33601343523786
"639",2.72452758161344
"640",1.072596357818
"641",1.55745627474671
"642",3.18942770038901
"643",-0.835524895117956
"644",2.86553571765942
"645",3.28014177216202
"646",1.4277758730272
"647",2.44978001897477
"648",2.47795446526156
"649",0.407628008953892
"650",0.936823245211322
"651",3.99198177141371
"652",1.19425235490121
"653",1.16697879050518
"654",2.57985203932561
"655",-0.318376500329694
"656",2.36532802740257
"657",4.14483748636181
"658",0.932700344507958
"659",0.678080010518537
"660",2.55146206126676
"661",0.443072192896678
"662",3.43593474965052
"663",3.71737364712995
"664",1.06633311452668
"665",1.78262865844876
"666",3.12424787575516
"667",1.18409196544632
"668",0.415445337876662
"669",3.33262283222962
"670",2.44293235748672
"671",1.35235085134621
"672",3.35399404235721
"673",0.503661017160777
"674",2.04973236181024
"675",4.20946902619245
"676",0.952416343015108
"677",1.28316588974675
"678",3.51894485999656
"679",0.853540234745442
"680",1.93413039025765
"681",3.09928798695899
"682",0.972336046561532
"683",0.740201668174848
"684",2.70587899095753
"685",-1.44199289728453
"686",2.66962485862303
"687",2.34842519563793
"688",1.74067464872059
"689",3.79834538338034
"690",2.50163211925659
"691",-0.0714652078857463
"692",2.82225940581851
"693",4.88957865736244
"694",3.22352593838448
"695",2.10914299088408
"696",2.54933225272132
"697",0.458996273121312
"698",1.86406913962773
"699",2.44117641983017
"700",2.00750500025989
"701",2.94725095161732
"702",3.35313634863609
"703",-0.383859287992324
"704",1.38914365472676
"705",4.25112578429456
"706",0.9487697987965
"707",2.9670125786585
"708",2.73945528762783
"709",1.52091131996258
"710",0.891167039230188
"711",4.96122758571337
"712",0.771510871840178
"713",1.99814148828554
"714",3.32156112366767
"715",0.475451777595905
"716",1.84311092928711
"717",3.26714160982922
"718",1.59017057255016
"719",1.53975378356416
"720",1.91563506396237
"721",2.13315701548383
"722",3.10525598400592
"723",5.16811555388246
"724",1.41090823760418
"725",2.98468767311565
"726",2.36375552866851
"727",1.04268760266846
"728",0.593391364527302
"729",3.132658888022
"730",0.830152505173627
"731",-0.106002627911087
"732",3.09170990531961
"733",-0.471142094011472
"734",2.29369203309515
"735",5.62310573645975
"736",-1.9228544311048
"737",1.65369961511388
"738",3.74097750222959
"739",1.84897641174883
"740",0.0964063571447249
"741",5.27035974750582
"742",1.20978100993186
"743",2.70702145929175
"744",1.7028213943561
"745",-1.63643381147278
"746",2.10562040055867
"747",2.99575989933475
"748",1.79888105974612
"749",2.66684522628626
"750",3.52856332553227
"751",2.2074113888453
"752",1.59230175713923
"753",3.59003044247567
"754",1.38040071361902
"755",2.63566887027917
"756",3.16983239162692
"757",2.22294460253786
"758",2.66264606690866
"759",2.22784232727941
"760",0.739304203714608
"761",1.15324332458999
"762",2.79947435613884
"763",2.17834561965559
"764",0.991519950529415
"765",3.98798282636453
"766",0.835348797398075
"767",2.35529606157686
"768",2.08431464680989
"769",3.40029902845594
"770",2.0650108520588
"771",1.91969814155301
"772",0.758096407431741
"773",1.74250762565409
"774",1.10072780515715
"775",0.196765980692624
"776",0.0594511680298337
"777",4.14546359977554
"778",1.48704555949006
"779",2.20019877766146
"780",1.88487753464343
"781",0.650383831580458
"782",2.43191584868701
"783",4.04216844433405
"784",0.93151926955245
"785",1.27570976833306
"786",2.63597209651438
"787",1.35706038331228
"788",1.96317850935303
"789",5.95336199638953
"790",0.7467979372894
"791",2.64017741341372
"792",3.16207986632105
"793",2.80748829110076
"794",2.15670986644224
"795",3.5338315687337
"796",0.264959429188859
"797",3.06746652267507
"798",2.61670086445111
"799",-0.464129865487811
"800",2.2728964728934
"801",2.89514681794826
"802",0.707985710248628
"803",0.389419301781362
"804",2.01945713529277
"805",-0.558760802644148
"806",2.52549885405337
"807",3.22616944459231
"808",3.24240255537157
"809",0.959822231878361
"810",3.89049846864744
"811",1.87169136481174
"812",1.75090416677338
"813",4.31956770976314
"814",0.689216237050241
"815",1.77205382169215
"816",3.27642811815224
"817",1.9543950944106
"818",0.890079758458932
"819",2.2944284467054
"820",0.163192782160992
"821",1.57924944405444
"822",2.47368076747953
"823",-0.70336713018835
"824",1.08214971739822
"825",4.10071235905735
"826",1.8159726815109
"827",0.678956449521276
"828",2.50811298876005
"829",-0.0264262490295419
"830",2.76190603468658
"831",4.449055732251
"832",0.707124185361009
"833",3.01010296104786
"834",4.28855247807016
"835",1.16522031526866
"836",-0.0582752591722722
"837",2.37480858221222
"838",0.804353075020357
"839",1.54109487756261
"840",2.53284835386036
"841",0.820901322981618
"842",1.60985457381329
"843",3.6519319350608
"844",-0.514799906899046
"845",1.47466540121271
"846",3.77980002178636
"847",-0.464902045191296
"848",1.33208838931459
"849",2.4494788300503
"850",1.33337606910523
"851",3.19714153024101
"852",4.04636079056493
"853",0.8056654893403
"854",2.64697845330872
"855",2.68750564855508
"856",2.67379211452446
"857",0.805846491490222
"858",2.98532584493325
"859",2.52115455626337
"860",1.5251322821922
"861",2.42110573558226
"862",-0.541243223530937
"863",1.18993711404281
"864",2.91927100181923
"865",0.120235653790248
"866",4.16427235132191
"867",3.79636948834211
"868",0.77571244490396
"869",2.13569822582657
"870",4.37761149890281
"871",-0.6143602462352
"872",0.391554666116608
"873",2.5858423945975
"874",0.310696686270494
"875",2.12092300572978
"876",1.75138246658738
"877",2.20906117811414
"878",1.67335855199274
"879",4.10747849420994
"880",1.99441443251461
"881",1.09169920962724
"882",3.2181084494905
"883",1.85248517677102
"884",0.207780945728391
"885",2.32645584057603
"886",1.49245366270383
"887",1.58475146577593
"888",2.41776340643858
"889",0.855657447098159
"890",0.148646280227836
"891",2.90923980942037
"892",0.593828917979863
"893",0.368154936247229
"894",2.7712329750681
"895",1.41917533677949
"896",2.33898564796229
"897",2.94134297053085
"898",1.34268300392282
"899",1.71083378123614
"900",4.45512471297817
"901",2.87405767382474
"902",1.5457023046967
"903",3.30573390094963
"904",0.633097538712784
"905",3.54161738251831
"906",4.97488386917231
"907",0.986876914273351
"908",2.41521906525018
"909",3.48406927037822
"910",0.893236538216928
"911",2.49760686937166
"912",1.86808690009011
"913",0.0327620179879682
"914",2.15029439318213
"915",3.32091482557591
"916",-0.062222104533993
"917",3.71138782382473
"918",3.96412883588711
"919",-0.430953491678904
"920",2.78076244510967
"921",2.86877512125826
"922",-0.172278425456175
"923",2.23893671271403
"924",3.11331806254048
"925",-0.730225866015894
"926",3.74050462531684
"927",2.77815805927714
"928",2.63417978891377
"929",3.5704376289909
"930",2.20727386654832
"931",0.518085909328104
"932",2.0735749230253
"933",2.95347824171799
"934",0.95810871007288
"935",1.41019924248281
"936",4.63133637917434
"937",1.83746132269605
"938",1.27254640071424
"939",4.65143470704181
"940",-0.256436704070864
"941",1.22272444631355
"942",2.0356439719161
"943",1.84546885011068
"944",1.39881105156851
"945",2.92784763188463
"946",0.357222876754581
"947",3.53027427274105
"948",2.17948253618773
"949",0.72304206001983
"950",0.850535132500807
"951",2.49753608712958
"952",1.63504680013483
"953",2.96591905484053
"954",1.97443820028569
"955",0.262652531436032
"956",2.02145282158174
"957",1.52220573681576
"958",0.997204426675783
"959",2.41290899766602
"960",2.51293614748563
"961",0.53828758017775
"962",1.91194670169016
"963",3.02229168175336
"964",-0.0471192865633934
"965",1.05957310179026
"966",2.81135402043179
"967",-0.848177663241417
"968",1.97530048760355
"969",2.44726024377072
"970",1.30168615814036
"971",2.56380608582932
"972",3.27148703374575
"973",1.08837203087316
"974",2.06013986196865
"975",3.64318796619355
"976",-0.191013021561325
"977",0.6437748760098
"978",1.68381068233489
"979",1.05459379472003
"980",1.7670266784996
"981",2.53553235939293
"982",1.01928604867842
"983",2.16526792150476
"984",4.11143879593331
"985",2.71598193301561
"986",1.2580274264909
"987",1.36035833705441
"988",0.825300545031051
"989",1.08043089296859
"990",3.00414065688609
"991",0.687022249000242
"992",1.87423111036993
"993",1.63053777839246
"994",0.851369601091409
"995",1.16856506514896
"996",2.80710724754237
"997",0.837144329937412
"998",2.56988111403781
"999",3.18940980722262
"1000",0.121062511031778
"1001",1.01905428188618
"1002",3.87758976179128
"1003",0.515028931373821
"1004",1.14474945691162
"1005",4.29485757851585
"1006",2.14921831064593
"1007",3.18150235777819
"1008",1.63278873988278
"1009",0.884372890892797
"1010",-0.0678236884106784
"1011",5.06419976012579
"1012",0.816346933479033
"1013",1.23770983369649
"1014",1.91768091471084
"1015",1.86636371602551
"1016",2.6034582514388
"1017",4.32037853066265
"1018",0.129029361353514
"1019",2.41572632034386
"1020",3.17674984037894
"1021",-1.35628462489675
"1022",2.08647155915701
"1023",3.91345321500959
"1024",-0.00605524445728434
"1025",2.72598908646516
"1026",2.83420443212251
"1027",-0.187390621863402
"1028",3.56575851861567
"1029",3.49600053672408
"1030",2.10543242555935
"1031",3.62524854959276
"1032",0.918278847844854
"1033",0.897322544889576
"1034",0.911682821696278
"1035",4.07173151373492
"1036",1.58999370020363
"1037",3.45083510234162
"1038",3.42269566592653
"1039",0.00866931694797601
"1040",2.71757106463522
"1041",2.39640050080046
"1042",2.51518364158199
"1043",1.0621550219645
"1044",5.07471857511749
"1045",0.719832181252914
"1046",1.45132812795087
"1047",3.01668994482158
"1048",0.554446837068103
"1049",2.79005773490715
"1050",3.38235410569988
"1051",-0.560745784399539
"1052",2.14609997304053
"1053",3.82324879113917
"1054",1.25354508427929
"1055",0.31268036664999
"1056",4.32654318786691
"1057",-0.897259228601181
"1058",2.66042952980375
"1059",3.87678568637531
"1060",-0.993199776793104
"1061",0.550003964707312
"1062",4.19680787397737
"1063",2.28204921732001
"1064",2.26154686044173
"1065",1.60291337615222
"1066",1.69473519439015
"1067",3.15906335490103
"1068",1.87784131963108
"1069",2.93092502516667
"1070",0.799458580076587
"1071",0.487047112052401
"1072",0.902909087295165
"1073",4.13225175649519
"1074",3.88987961885851
"1075",2.26378919696143
"1076",2.33426021179235
"1077",3.3591351561705
"1078",0.141031747491401
"1079",0.812574420575624
"1080",2.36280768237456
"1081",1.85502190851935
"1082",2.32369009714946
"1083",3.34531533519731
"1084",1.26428473080025
"1085",1.82229005941796
"1086",3.66598387389567
"1087",-0.328868553338748
"1088",0.794443241332385
"1089",3.69258818796869
"1090",1.93484692359158
"1091",2.20755297680764
"1092",1.70393732429876
"1093",0.998644660345914
"1094",1.77745353537918
"1095",3.53523877883757
"1096",3.53825104408007
"1097",2.46734362480603
"1098",3.78479659631587
"1099",2.21964653626541
"1100",2.18811257829826
"1101",2.84161368287947
"1102",-0.279200693519557
"1103",0.778871972469743
"1104",4.55494244580779
"1105",1.36784767631419
"1106",2.24244228381154
"1107",2.20963080733649
"1108",1.81680414981319
"1109",0.766536633146061
"1110",4.06664836577688
"1111",-0.243797816143982
"1112",0.895665915354946
"1113",2.84305476701175
"1114",0.908158069281652
"1115",1.16369404689221
"1116",2.4297911509613
"1117",1.95794329941776
"1118",2.05117658033532
"1119",2.82238543628834
"1120",-0.913133055475667
"1121",2.21594805365032
"1122",2.90890088506666
"1123",3.11691124985924
"1124",2.06905930973564
"1125",2.31475842390115
"1126",1.59924827495897
"1127",1.95550264580475
"1128",3.1433596435334
"1129",0.841918804570064
"1130",1.31419100487772
"1131",2.59144884958729
"1132",2.8657175170989
"1133",1.87162312335362
"1134",1.55967011951781
"1135",3.32723892587608
"1136",2.48761989352799
"1137",4.65163886808683
"1138",0.962502728568202
"1139",1.85738146595475
"1140",3.19659004876481
"1141",0.351402043477618
"1142",2.20865875593044
"1143",1.71498096455208
"1144",1.65873648888761
"1145",2.40120903287894
"1146",3.43681666025641
"1147",1.83394919700582
"1148",2.65240045956041
"1149",4.88300414955926
"1150",1.62057253628704
"1151",0.672912837642655
"1152",2.04098864326434
"1153",0.801920082625937
"1154",4.61059508651505
"1155",4.13907341291217
"1156",2.44228278247395
"1157",2.35676896107831
"1158",3.80503171500036
"1159",1.2569348520096
"1160",2.45318052375268
"1161",3.07946926844926
"1162",1.66564081428638
"1163",3.48016556441797
"1164",3.06785222230547
"1165",0.91373768550723
"1166",2.0238858205956
"1167",2.44148874269063
"1168",1.07372271885483
"1169",1.81922872240803
"1170",2.45614048205976
"1171",2.84053827957037
"1172",1.44038057903633
"1173",1.86928180767554
"1174",0.938327892551274
"1175",1.37465076494568
"1176",1.51938192283064
"1177",1.29139858402392
"1178",1.88421819189944
"1179",2.11356556566828
"1180",1.49615423279511
"1181",1.47882238283483
"1182",1.99582688917062
"1183",1.18348531953773
"1184",1.93190296901521
"1185",3.85025862111299
"1186",1.19821437666252
"1187",0.661775717663228
"1188",4.69963036744633
"1189",1.2421848215393
"1190",1.61712067045077
"1191",2.5344538860002
"1192",0.17617323652991
"1193",2.95833049953061
"1194",4.45755165851881
"1195",1.47546589368698
"1196",2.30190807635942
"1197",3.07122195275039
"1198",2.91576439410887
"1199",1.5478915903551
"1200",0.583136283486763
"1201",1.17450072546936
"1202",2.08193069864467
"1203",3.50600116093417
"1204",0.776691492646561
"1205",2.61783656837263
"1206",1.50539757497241
"1207",-0.814975178948139
"1208",1.65229021357222
"1209",3.69766706615016
"1210",0.919546485799316
"1211",3.74181901811988
"1212",3.39175939689405
"1213",0.995915003873321
"1214",2.51334592403277
"1215",1.54624298920691
"1216",1.99950039289049
"1217",2.55667700976816
"1218",2.76397993690665
"1219",2.46565977167951
"1220",2.17927362404487
"1221",4.52330123366539
"1222",1.56748913586018
"1223",2.09332928017284
"1224",1.87198346001626
"1225",0.372289721163778
"1226",1.37932330540663
"1227",3.28422850084011
"1228",2.30699724885673
"1229",5.02239458032933
"1230",2.72988921531874
"1231",1.02763972576266
"1232",1.25218162950342
"1233",3.19617012308356
"1234",0.877349241075205
"1235",1.43760615300956
"1236",3.82492763474148
"1237",1.66642815149696
"1238",1.38339245947271
"1239",3.65577375881174
"1240",1.26536245339864
"1241",4.15595098055421
"1242",3.98875334135943
"1243",0.213770745467612
"1244",1.65054416616285
"1245",3.0341943608248
"1246",1.34544312795088
"1247",4.42150117504092
"1248",4.15092090357886
"1249",0.774711228641764
"1250",1.06558603907879
"1251",3.98065234608033
"1252",2.18617117793742
"1253",2.62293827977896
"1254",3.97918334043238
"1255",0.590478314577008
"1256",2.69590988414708
"1257",3.50312609880763
"1258",1.95712181631549
"1259",1.43022547194115
"1260",2.28529259592777
"1261",0.389702269758828
"1262",2.17553806364843
"1263",4.00642008912186
"1264",1.21067580859012
"1265",-0.104185467217818
"1266",1.94491715550818
"1267",2.71303040269045
"1268",4.0445656449223
"1269",3.14512220673335
"1270",-0.919016273098538
"1271",2.49806445976546
"1272",3.2689818527257
"1273",1.67931056319714
"1274",3.0256417860464
"1275",3.17315596384452
"1276",1.40251364914198
"1277",0.464102715551618
"1278",3.63492108290639
"1279",1.10405673732788
"1280",3.62712393691883
"1281",1.84210877492284
"1282",1.93852346926559
"1283",3.36901621507964
"1284",3.1428020563737
"1285",2.14962366878911
"1286",1.23384443645221
"1287",4.63332932710607
"1288",-0.593518297229877
"1289",2.9575719240619
"1290",2.1606764961219
"1291",2.1844906343559
"1292",3.24848675482718
"1293",2.65266512009264
"1294",-1.59567224190808
"1295",2.15260942745715
"1296",1.94137545318746
"1297",1.71037491867292
"1298",2.38523682623458
"1299",3.00106999213324
"1300",0.639139045292762
"1301",2.42369024732169
"1302",3.06594415585088
"1303",1.43065608433048
"1304",1.6718018492244
"1305",1.53662162469652
"1306",-0.937587756534381
"1307",2.78214515642555
"1308",2.69471207834458
"1309",1.97645089747496
"1310",0.0507408730946628
"1311",1.6457041604331
"1312",1.12734518295545
"1313",3.30503892380287
"1314",3.91858787243237
"1315",1.35404811249404
"1316",4.02210201025632
"1317",3.59312161883754
"1318",0.462543199918446
"1319",1.12442816753485
"1320",3.6786866597753
"1321",-0.0557726335827027
"1322",1.05902782721535
"1323",2.3770320790025
"1324",1.07318393307606
"1325",3.2806075863399
"1326",2.60571570000768
"1327",1.63390515500555
"1328",3.18933370778359
"1329",1.36873352064764
"1330",0.820209744587038
"1331",2.52661139373344
"1332",4.10670292891803
"1333",1.84053476734046
"1334",1.08201904840251
"1335",3.71994466436194
"1336",0.741898007085931
"1337",4.01468247166907
"1338",3.57539877507222
"1339",2.50823315079735
"1340",2.6485212925424
"1341",2.43011446187506
"1342",-0.0025342109607791
"1343",-0.517629936658226
"1344",2.28283885367921
"1345",2.43948172892554
"1346",2.52810218217784
"1347",2.25085473683395
"1348",2.8884485278844
"1349",2.19963444512903
"1350",3.17583180197027
"1351",1.05107210440502
"1352",2.96783127474912
"1353",3.05068488441194
"1354",0.891204605544512
"1355",1.59148285743732
"1356",1.84551331032127
"1357",2.39662987245277
"1358",1.00447215324464
"1359",1.61666505938507
"1360",0.402313066282535
"1361",2.59469343139097
"1362",2.36794343585607
"1363",0.0285529924617373
"1364",2.77264484027068
"1365",4.43684619195221
"1366",0.527096551821771
"1367",2.65777648796639
"1368",2.33522326767282
"1369",1.47138718708322
"1370",3.05604277449831
"1371",2.55339774683157
"1372",1.32212086424461
"1373",0.512437241333858
"1374",3.25429839231037
"1375",0.434168544522153
"1376",3.26126853838765
"1377",1.37491654498022
"1378",1.20595800338373
"1379",2.69460714769616
"1380",3.63058417616684
"1381",1.49371399288238
"1382",0.767564570419263
"1383",4.81111200413986
"1384",-0.777408896093696
"1385",1.90766045547247
"1386",4.55754734888483
"1387",0.724465992565203
"1388",1.80598783321814
"1389",2.23780371210291
"1390",2.12120030120616
"1391",3.38742575142773
"1392",1.8703684428343
"1393",1.85570733860637
"1394",1.20938720553419
"1395",2.20121494334779
"1396",0.238089076064722
"1397",1.39907622074157
"1398",2.55858414861093
"1399",2.62849510593267
"1400",1.60494261922009
"1401",3.36393701096767
"1402",2.20833191838883
"1403",-0.0933240420535841
"1404",0.803699635464715
"1405",1.52865445622767
"1406",1.83040293453805
"1407",2.45327871294226
"1408",3.99360990257763
"1409",2.67235195494999
"1410",0.722221429580461
"1411",0.626410246137822
"1412",1.59512157072434
"1413",3.16472614533031
"1414",1.62712724541491
"1415",2.63788602460529
"1416",3.36471796272143
"1417",1.18124238131974
"1418",1.00550402570113
"1419",5.28345921630701
"1420",0.092229176142241
"1421",1.71712125379419
"1422",2.36527587612641
"1423",0.588109840273273
"1424",2.67550021049342
"1425",3.12250516254676
"1426",0.479263404272368
"1427",3.34735610118588
"1428",3.80365244938274
"1429",-0.581249641832232
"1430",1.39292075636088
"1431",3.98107404035531
"1432",1.39436353859629
"1433",1.78956494141819
"1434",3.18493914154935
"1435",2.39965832565359
"1436",1.76675785731624
"1437",1.50144822851861
"1438",2.22128742202883
"1439",2.8814139456817
"1440",3.51153765984747
"1441",1.29078887538931
"1442",2.01336403728902
"1443",3.0861295235679
"1444",0.264489217686602
"1445",2.07379502201205
"1446",4.97920764390578
"1447",1.38478935376188
"1448",2.38931670533793
"1449",2.89657957667523
"1450",1.94949230591109
"1451",1.5261341668224
"1452",1.22469903622588
"1453",0.172303457813266
"1454",1.64021575905343
"1455",3.37271768625389
"1456",2.47707214234752
"1457",2.34341451520645
"1458",2.27162940959256
"1459",1.23882655742005
"1460",1.6248221968633
"1461",3.70312297212072
"1462",0.997472208334842
"1463",1.14930538774184
"1464",3.84533952969929
"1465",0.0813637786906903
"1466",1.54861197399753
"1467",2.99311482490466
"1468",0.240142800764756
"1469",-0.165911378326677
"1470",2.84214245897379
"1471",0.352763917182828
"1472",1.78513888423366
"1473",2.08506649244429
"1474",0.839065542269563
"1475",0.811514418211153
"1476",4.26253764282247
"1477",0.947247683853321
"1478",2.31643033921218
"1479",3.7604843641224
"1480",1.36430344876812
"1481",3.16966650508498
"1482",2.51615139008147
"1483",0.632061307901127
"1484",2.64207046861285
"1485",3.06634763347143
"1486",0.990651000109082
"1487",0.810139061258921
"1488",4.62617731657788
"1489",-0.373043603379007
"1490",2.55872671431056
"1491",4.02268718846544
"1492",1.23153722860264
"1493",1.86994121395668
"1494",5.23193161119929
"1495",1.24038685220753
"1496",3.7612235677424
"1497",2.44535179169187
"1498",1.55383002056868
"1499",1.04489934320587
"1500",1.39000889768357
"1501",-0.234940053912705
"1502",2.57427582074823
"1503",1.37756345139035
"1504",-0.343982637978388
"1505",0.154537447536057
"1506",5.62996672027675
"1507",0.976255333389453
"1508",2.56190266164234
"1509",3.34223025933298
"1510",0.874629229469452
"1511",3.4751087293062
"1512",1.16259552483412
"1513",-0.506572330599561
"1514",3.21417754676998
"1515",3.42225584859455
"1516",0.351250491259282
"1517",1.34639382470114
"1518",4.28674581933981
"1519",0.170280348824201
"1520",2.15996663511861
"1521",2.12791882613652
"1522",0.129164937570126
"1523",2.43812144243133
"1524",3.52083896273154
"1525",1.30317993767841
"1526",1.53115268708689
"1527",1.44452351138495
"1528",1.87919073067791
"1529",0.617675708619794
"1530",2.6704187103814
"1531",-0.227955713321827
"1532",2.27299995916418
"1533",3.00354224089817
"1534",-0.642413729437405
"1535",0.388653936274393
"1536",2.63996923517784
"1537",0.937083282111538
"1538",1.93847782169012
"1539",3.33249298204725
"1540",2.38018653441626
"1541",1.44334382614233
"1542",2.06189020467089
"1543",0.935722627621131
"1544",2.78593518532271
"1545",3.37937176697852
"1546",1.47198619855612
"1547",2.63674006569299
"1548",3.34629921566593
"1549",0.963035275763549
"1550",2.80683512130137
"1551",1.74237539206432
"1552",0.328258487573307
"1553",0.325593379274771
"1554",3.28048947946488
"1555",0.177312183709082
"1556",0.525270937160079
"1557",4.41165095952766
"1558",1.39331821389434
"1559",1.95424498788344
"1560",3.57696243705605
"1561",0.901623027994043
"1562",-0.042433511767312
"1563",1.9991704377003
"1564",2.01626960439703
"1565",0.558658927120216
"1566",3.19550834527491
"1567",1.50224690650874
"1568",2.20106508631729
"1569",2.76166085682044
"1570",0.0756962771723254
"1571",2.36398399790679
"1572",2.80067091101261
"1573",3.55552115734541
"1574",1.58841903948921
"1575",3.92806743668419
"1576",-1.22700096080532
"1577",1.34102212410755
"1578",1.78079055224571
"1579",-0.304812635501322
"1580",2.16086711139932
"1581",1.49964212856057
"1582",1.31035184393325
"1583",2.40253040180735
"1584",1.29764808111678
"1585",1.24529516157489
"1586",1.97287238154249
"1587",2.63427753410947
"1588",-0.0536201096034616
"1589",1.6191607069341
"1590",3.3317473667764
"1591",1.08858676698813
"1592",2.01619551041831
"1593",3.89861043856591
"1594",-1.13027063161221
"1595",3.51506182269317
"1596",2.27061620012373
"1597",1.91193189648083
"1598",1.1537785837926
"1599",3.53898922882882
"1600",0.556748971312013
"1601",3.39884260534637
"1602",2.69729966109511
"1603",2.70855532565072
"1604",2.83773314613841
"1605",2.99214754756177
"1606",0.919710973212555
"1607",2.0404116947885
"1608",1.64793048171615
"1609",0.744391762046435
"1610",1.20930201587153
"1611",2.68873845756698
"1612",1.19569127417116
"1613",3.54351911845344
"1614",5.5066945112817
"1615",0.907294972162729
"1616",1.9821785060263
"1617",2.70989016728838
"1618",-0.376046153450168
"1619",1.45857366190511
"1620",4.49737269285726
"1621",-0.262935455828274
"1622",1.25550422438405
"1623",4.48351450190268
"1624",-0.39543306792779
"1625",2.50661839480382
"1626",4.14788276023856
"1627",2.52084139796063
"1628",2.13627339366738
"1629",1.99267018213
"1630",0.0262451749181553
"1631",3.09105072756524
"1632",2.32368994013204
"1633",1.68515612860783
"1634",2.81217335927213
"1635",4.59818019673855
"1636",1.30757506180336
"1637",2.1952839151614
"1638",3.33601343523786
"1639",0.724527581613443
"1640",2.072596357818
"1641",2.55745627474671
"1642",1.18942770038901
"1643",0.164475104882044
"1644",3.86553571765942
"1645",1.28014177216202
"1646",2.4277758730272
"1647",3.44978001897477
"1648",0.477954465261561
"1649",1.40762800895389
"1650",1.93682324521132
"1651",1.99198177141371
"1652",2.19425235490121
"1653",2.16697879050518
"1654",0.579852039325605
"1655",0.681623499670306
"1656",3.36532802740257
"1657",2.14483748636181
"1658",1.93270034450796
"1659",1.67808001051854
"1660",0.55146206126676
"1661",1.44307219289668
"1662",4.43593474965052
"1663",1.71737364712995
"1664",2.06633311452668
"1665",2.78262865844876
"1666",1.12424787575516
"1667",2.18409196544632
"1668",1.41544533787666
"1669",1.33262283222962
"1670",3.44293235748672
"1671",2.35235085134621
"1672",1.35399404235721
"1673",1.50366101716078
"1674",3.04973236181024
"1675",2.20946902619246
"1676",1.95241634301511
"1677",2.28316588974675
"1678",1.51894485999656
"1679",1.85354023474544
"1680",2.93413039025765
"1681",1.09928798695899
"1682",1.97233604656153
"1683",1.74020166817485
"1684",0.705878990957528
"1685",-0.441992897284533
"1686",3.66962485862303
"1687",0.348425195637932
"1688",2.74067464872059
"1689",4.79834538338033
"1690",0.501632119256594
"1691",0.928534792114254
"1692",3.82225940581851
"1693",2.88957865736244
"1694",4.22352593838448
"1695",3.10914299088408
"1696",0.549332252721323
"1697",1.45899627312131
"1698",2.86406913962773
"1699",0.441176419830167
"1700",3.00750500025989
"1701",3.94725095161732
"1702",1.35313634863609
"1703",0.616140712007676
"1704",2.38914365472676
"1705",2.25112578429456
"1706",1.9487697987965
"1707",3.9670125786585
"1708",0.739455287627834
"1709",2.52091131996258
"1710",1.89116703923019
"1711",2.96122758571337
"1712",1.77151087184018
"1713",2.99814148828554
"1714",1.32156112366767
"1715",1.47545177759591
"1716",2.84311092928711
"1717",1.26714160982922
"1718",2.59017057255016
"1719",2.53975378356416
"1720",-0.0843649360376266
"1721",3.13315701548383
"1722",4.10525598400593
"1723",3.16811555388246
"1724",2.41090823760418
"1725",3.98468767311565
"1726",0.363755528668507
"1727",2.04268760266846
"1728",1.5933913645273
"1729",1.132658888022
"1730",1.83015250517363
"1731",0.893997372088913
"1732",1.09170990531961
"1733",0.528857905988528
"1734",3.29369203309515
"1735",3.62310573645975
"1736",-0.922854431104803
"1737",2.65369961511388
"1738",1.74097750222959
"1739",2.84897641174883
"1740",1.09640635714472
"1741",3.27035974750582
"1742",2.20978100993186
"1743",3.70702145929175
"1744",-0.2971786056439
"1745",-0.636433811472784
"1746",3.10562040055867
"1747",0.995759899334751
"1748",2.79888105974612
"1749",3.66684522628626
"1750",1.52856332553227
"1751",3.2074113888453
"1752",2.59230175713923
"1753",1.59003044247567
"1754",2.38040071361902
"1755",3.63566887027917
"1756",1.16983239162692
"1757",3.22294460253786
"1758",3.66264606690866
"1759",0.227842327279413
"1760",1.73930420371461
"1761",2.15324332458999
"1762",0.799474356138836
"1763",3.17834561965559
"1764",1.99151995052942
"1765",1.98798282636453
"1766",1.83534879739808
"1767",3.35529606157686
"1768",0.0843146468098919
"1769",4.40029902845594
"1770",3.0650108520588
"1771",-0.0803018584469888
"1772",1.75809640743174
"1773",2.74250762565409
"1774",-0.899272194842847
"1775",1.19676598069262
"1776",1.05945116802983
"1777",2.14546359977554
"1778",2.48704555949006
"1779",3.20019877766146
"1780",-0.115122465356565
"1781",1.65038383158046
"1782",3.43191584868701
"1783",2.04216844433405
"1784",1.93151926955245
"1785",2.27570976833306
"1786",0.635972096514383
"1787",2.35706038331228
"1788",2.96317850935303
"1789",3.95336199638953
"1790",1.7467979372894
"1791",3.64017741341372
"1792",1.16207986632105
"1793",3.80748829110076
"1794",3.15670986644224
"1795",1.5338315687337
"1796",1.26495942918886
"1797",4.06746652267507
"1798",0.616700864451113
"1799",0.535870134512189
"1800",3.2728964728934
"1801",0.895146817948262
"1802",1.70798571024863
"1803",1.38941930178136
"1804",0.0194571352927665
"1805",0.441239197355852
"1806",3.52549885405337
"1807",1.22616944459231
"1808",4.24240255537157
"1809",1.95982223187836
"1810",1.89049846864744
"1811",2.87169136481174
"1812",2.75090416677338
"1813",2.31956770976314
"1814",1.68921623705024
"1815",2.77205382169215
"1816",1.27642811815224
"1817",2.9543950944106
"1818",1.89007975845893
"1819",0.294428446705401
"1820",1.16319278216099
"1821",2.57924944405444
"1822",0.473680767479526
"1823",0.29663286981165
"1824",2.08214971739822
"1825",2.10071235905735
"1826",2.8159726815109
"1827",1.67895644952128
"1828",0.50811298876005
"1829",0.973573750970458
"1830",3.76190603468658
"1831",2.449055732251
"1832",1.70712418536101
"1833",4.01010296104786
"1834",2.28855247807016
"1835",2.16522031526866
"1836",0.941724740827728
"1837",0.374808582212219
"1838",1.80435307502036
"1839",2.54109487756261
"1840",0.532848353860364
"1841",1.82090132298162
"1842",2.60985457381329
"1843",1.6519319350608
"1844",0.485200093100954
"1845",2.47466540121271
"1846",1.77980002178636
"1847",0.535097954808704
"1848",2.33208838931459
"1849",0.449478830050297
"1850",2.33337606910523
"1851",4.19714153024101
"1852",2.04636079056493
"1853",1.8056654893403
"1854",3.64697845330872
"1855",0.687505648555079
"1856",3.67379211452446
"1857",1.80584649149022
"1858",0.985325844933247
"1859",3.52115455626337
"1860",2.5251322821922
"1861",0.42110573558226
"1862",0.458756776469063
"1863",2.18993711404281
"1864",0.919271001819231
"1865",1.12023565379025
"1866",5.16427235132191
"1867",1.79636948834211
"1868",1.77571244490396
"1869",3.13569822582657
"1870",2.37761149890281
"1871",0.3856397537648
"1872",1.39155466611661
"1873",0.585842394597496
"1874",1.31069668627049
"1875",3.12092300572978
"1876",-0.248617533412615
"1877",3.20906117811414
"1878",2.67335855199274
"1879",2.10747849420994
"1880",2.99441443251461
"1881",2.09169920962724
"1882",1.2181084494905
"1883",2.85248517677102
"1884",1.20778094572839
"1885",0.326455840576034
"1886",2.49245366270383
"1887",2.58475146577593
"1888",0.41776340643858
"1889",1.85565744709816
"1890",1.14864628022784
"1891",0.909239809420372
"1892",1.59382891797986
"1893",1.36815493624723
"1894",0.771232975068095
"1895",2.41917533677949
"1896",3.33898564796229
"1897",0.941342970530847
"1898",2.34268300392282
"1899",2.71083378123614
"1900",2.45512471297817
"1901",3.87405767382474
"1902",2.5457023046967
"1903",1.30573390094963
"1904",1.63309753871278
"1905",4.54161738251831
"1906",2.97488386917231
"1907",1.98687691427335
"1908",3.41521906525018
"1909",1.48406927037822
"1910",1.89323653821693
"1911",3.49760686937166
"1912",-0.131913099909893
"1913",1.03276201798797
"1914",3.15029439318213
"1915",1.32091482557591
"1916",0.937777895466007
"1917",4.71138782382473
"1918",1.96412883588711
"1919",0.569046508321096
"1920",3.78076244510967
"1921",0.868775121258259
"1922",0.827721574543825
"1923",3.23893671271403
"1924",1.11331806254048
"1925",0.269774133984106
"1926",4.74050462531684
"1927",0.778158059277141
"1928",3.63417978891377
"1929",4.5704376289909
"1930",0.20727386654832
"1931",1.5180859093281
"1932",3.0735749230253
"1933",0.953478241717994
"1934",1.95810871007288
"1935",2.41019924248281
"1936",2.63133637917434
"1937",2.83746132269605
"1938",2.27254640071424
"1939",2.65143470704181
"1940",0.743563295929136
"1941",2.22272444631355
"1942",0.0356439719160968
"1943",2.84546885011068
"1944",2.39881105156851
"1945",0.927847631884635
"1946",1.35722287675458
"1947",4.53027427274105
"1948",0.179482536187727
"1949",1.72304206001983
"1950",1.85053513250081
"1951",0.497536087129578
"1952",2.63504680013483
"1953",3.96591905484053
"1954",-0.0255617997143118
"1955",1.26265253143603
"1956",3.02145282158174
"1957",-0.477794263184245
"1958",1.99720442667578
"1959",3.41290899766602
"1960",0.51293614748563
"1961",1.53828758017775
"1962",2.91194670169016
"1963",1.02229168175336
"1964",0.952880713436607
"1965",2.05957310179026
"1966",0.811354020431791
"1967",0.151822336758583
"1968",2.97530048760355
"1969",0.447260243770724
"1970",2.30168615814036
"1971",3.56380608582932
"1972",1.27148703374575
"1973",2.08837203087316
"1974",3.06013986196865
"1975",1.64318796619355
"1976",0.808986978438675
"1977",1.6437748760098
"1978",-0.316189317665114
"1979",2.05459379472003
"1980",2.7670266784996
"1981",0.535532359392925
"1982",2.01928604867842
"1983",3.16526792150476
"1984",2.11143879593331
"1985",3.71598193301561
"1986",2.2580274264909
"1987",-0.639641662945595
"1988",1.82530054503105
"1989",2.08043089296859
"1990",1.00414065688609
"1991",1.68702224900024
"1992",2.87423111036993
"1993",-0.369462221607539
"1994",1.85136960109141
"1995",2.16856506514896
"1996",0.807107247542374
"1997",1.83714432993741
"1998",3.56988111403781
"1999",1.18940980722262
"2000",1.12106251103178
"2001",2.01905428188618
"2002",1.87758976179128
"2003",1.51502893137382
"2004",2.14474945691162
"2005",2.29485757851585
"2006",3.14921831064593
"2007",4.18150235777819
"2008",-0.367211260117221
"2009",1.8843728908928
"2010",0.932176311589322
"2011",3.06419976012579
"2012",1.81634693347903
"2013",2.23770983369649
"2014",-0.0823190852891555
"2015",2.86636371602551
"2016",3.6034582514388
"2017",2.32037853066265
"2018",1.12902936135351
"2019",3.41572632034386
"2020",1.17674984037894
"2021",-0.356284624896752
"2022",3.08647155915701
"2023",1.91345321500959
"2024",0.993944755542716
"2025",3.72598908646516
"2026",0.834204432122508
"2027",0.812609378136598
"2028",4.56575851861567
"2029",1.49600053672408
"2030",3.10543242555935
"2031",4.62524854959276
"2032",-1.08172115215515
"2033",1.89732254488958
"2034",1.91168282169628
"2035",2.07173151373492
"2036",2.58999370020363
"2037",4.45083510234162
"2038",1.42269566592653
"2039",1.00866931694798
"2040",3.71757106463522
"2041",0.396400500800464
"2042",3.51518364158199
"2043",2.0621550219645
"2044",3.07471857511749
"2045",1.71983218125291
"2046",2.45132812795087
"2047",1.01668994482158
"2048",1.5544468370681
"2049",3.79005773490715
"2050",1.38235410569988
"2051",0.439254215600461
"2052",3.14609997304053
"2053",1.82324879113917
"2054",2.25354508427929
"2055",1.31268036664999
"2056",2.32654318786691
"2057",0.102740771398819
"2058",3.66042952980375
"2059",1.87678568637531
"2060",0.00680022320689599
"2061",1.55000396470731
"2062",2.19680787397737
"2063",3.28204921732001
"2064",3.26154686044173
"2065",-0.397086623847779
"2066",2.69473519439015
"2067",4.15906335490103
"2068",-0.122158680368921
"2069",3.93092502516667
"2070",1.79945858007659
"2071",-1.5129528879476
"2072",1.90290908729516
"2073",5.13225175649519
"2074",1.88987961885851
"2075",3.26378919696143
"2076",3.33426021179235
"2077",1.3591351561705
"2078",1.1410317474914
"2079",1.81257442057562
"2080",0.362807682374564
"2081",2.85502190851935
"2082",3.32369009714946
"2083",1.34531533519731
"2084",2.26428473080025
"2085",2.82229005941796
"2086",1.66598387389567
"2087",0.671131446661252
"2088",1.79444324133239
"2089",1.69258818796869
"2090",2.93484692359158
"2091",3.20755297680764
"2092",-0.296062675701239
"2093",1.99864466034591
"2094",2.77745353537918
"2095",1.53523877883757
"2096",4.53825104408007
"2097",3.46734362480603
"2098",1.78479659631587
"2099",3.21964653626541
"2100",3.18811257829826
"2101",0.841613682879467
"2102",0.720799306480443
"2103",1.77887197246974
"2104",2.55494244580779
"2105",2.36784767631419
"2106",3.24244228381154
"2107",0.209630807336492
"2108",2.81680414981319
"2109",1.76653663314606
"2110",2.06664836577688
"2111",0.756202183856018
"2112",1.89566591535495
"2113",0.843054767011751
"2114",1.90815806928165
"2115",2.16369404689221
"2116",0.429791150961302
"2117",2.95794329941776
"2118",3.05117658033532
"2119",0.822385436288337
"2120",0.0868669445243331
"2121",3.21594805365032
"2122",0.908900885066656
"2123",4.11691124985924
"2124",3.06905930973564
"2125",0.314758423901149
"2126",2.59924827495897
"2127",2.95550264580475
"2128",1.1433596435334
"2129",1.84191880457006
"2130",2.31419100487772
"2131",0.591448849587295
"2132",3.8657175170989
"2133",2.87162312335362
"2134",-0.440329880482188
"2135",4.32723892587608
"2136",3.48761989352799
"2137",2.65163886808683
"2138",1.9625027285682
"2139",2.85738146595475
"2140",1.19659004876481
"2141",1.35140204347762
"2142",3.20865875593044
"2143",-0.285019035447922
"2144",2.65873648888761
"2145",3.40120903287894
"2146",1.43681666025641
"2147",2.83394919700582
"2148",3.65240045956041
"2149",2.88300414955926
"2150",2.62057253628704
"2151",1.67291283764265
"2152",0.0409886432643355
"2153",1.80192008262594
"2154",5.61059508651505
"2155",2.13907341291217
"2156",3.44228278247395
"2157",3.35676896107831
"2158",1.80503171500036
"2159",2.2569348520096
"2160",3.45318052375268
"2161",1.07946926844926
"2162",2.66564081428638
"2163",4.48016556441797
"2164",1.06785222230547
"2165",1.91373768550723
"2166",3.0238858205956
"2167",0.441488742690627
"2168",2.07372271885483
"2169",2.81922872240803
"2170",0.456140482059765
"2171",3.84053827957037
"2172",2.44038057903633
"2173",-0.130718192324458
"2174",1.93832789255127
"2175",2.37465076494568
"2176",-0.480618077169364
"2177",2.29139858402392
"2178",2.88421819189944
"2179",0.113565565668283
"2180",2.49615423279511
"2181",2.47882238283483
"2182",-0.00417311082937832
"2183",2.18348531953773
"2184",2.93190296901521
"2185",1.85025862111299
"2186",2.19821437666252
"2187",1.66177571766323
"2188",2.69963036744633
"2189",2.2421848215393
"2190",2.61712067045077
"2191",0.5344538860002
"2192",1.17617323652991
"2193",3.95833049953061
"2194",2.45755165851881
"2195",2.47546589368698
"2196",3.30190807635942
"2197",1.07122195275039
"2198",3.91576439410887
"2199",2.5478915903551
"2200",-1.41686371651324
"2201",2.17450072546936
"2202",3.08193069864467
"2203",1.50600116093417
"2204",1.77669149264656
"2205",3.61783656837263
"2206",-0.494602425027588
"2207",0.185024821051861
"2208",2.65229021357222
"2209",1.69766706615016
"2210",1.91954648579932
"2211",4.74181901811988
"2212",1.39175939689405
"2213",1.99591500387332
"2214",3.51334592403277
"2215",-0.453757010793086
"2216",2.99950039289048
"2217",3.55667700976816
"2218",0.76397993690665
"2219",3.46565977167951
"2220",3.17927362404487
"2221",2.52330123366539
"2222",2.56748913586018
"2223",3.09332928017284
"2224",-0.128016539983742
"2225",1.37228972116378
"2226",2.37932330540663
"2227",1.28422850084011
"2228",3.30699724885673
"2229",6.02239458032933
"2230",0.729889215318741
"2231",2.02763972576266
"2232",2.25218162950342
"2233",1.19617012308356
"2234",1.8773492410752
"2235",2.43760615300956
"2236",1.82492763474148
"2237",2.66642815149696
"2238",2.38339245947271
"2239",1.65577375881174
"2240",2.26536245339864
"2241",5.15595098055421
"2242",1.98875334135943
"2243",1.21377074546761
"2244",2.65054416616285
"2245",1.0341943608248
"2246",2.34544312795088
"2247",5.42150117504092
"2248",2.15092090357886
"2249",1.77471122864176
"2250",2.06558603907879
"2251",1.98065234608033
"2252",3.18617117793742
"2253",3.62293827977896
"2254",1.97918334043238
"2255",1.59047831457701
"2256",3.69590988414708
"2257",1.50312609880763
"2258",2.95712181631549
"2259",2.43022547194115
"2260",0.285292595927775
"2261",1.38970226975883
"2262",3.17553806364843
"2263",2.00642008912186
"2264",2.21067580859012
"2265",0.895814532782182
"2266",-0.0550828444918212
"2267",3.71303040269045
"2268",5.0445656449223
"2269",1.14512220673335
"2270",0.0809837269014617
"2271",3.49806445976546
"2272",1.2689818527257
"2273",2.67931056319714
"2274",4.0256417860464
"2275",1.17315596384452
"2276",2.40251364914198
"2277",1.46410271555162
"2278",1.63492108290639
"2279",2.10405673732788
"2280",4.62712393691883
"2281",-0.157891225077164
"2282",2.93852346926559
"2283",4.36901621507964
"2284",1.1428020563737
"2285",3.14962366878911
"2286",2.23384443645221
"2287",2.63332932710607
"2288",0.406481702770123
"2289",3.9575719240619
"2290",0.160676496121904
"2291",3.1844906343559
"2292",4.24848675482718
"2293",0.652665120092645
"2294",-0.595672241908078
"2295",3.15260942745715
"2296",-0.058624546812539
"2297",2.71037491867292
"2298",3.38523682623458
"2299",1.00106999213324
"2300",1.63913904529276
"2301",3.42369024732169
"2302",1.06594415585088
"2303",2.43065608433048
"2304",2.6718018492244
"2305",-0.463378375303476
"2306",0.0624122434656187
"2307",3.78214515642555
"2308",0.694712078344578
"2309",2.97645089747496
"2310",1.05074087309466
"2311",-0.3542958395669
"2312",2.12734518295545
"2313",4.30503892380287
"2314",1.91858787243237
"2315",2.35404811249404
"2316",5.02210201025632
"2317",1.59312161883754
"2318",1.46254319991845
"2319",2.12442816753485
"2320",1.6786866597753
"2321",0.944227366417297
"2322",2.05902782721535
"2323",0.377032079002499
"2324",2.07318393307606
"2325",4.2806075863399
"2326",0.60571570000768
"2327",2.63390515500555
"2328",4.18933370778359
"2329",-0.631266479352359
"2330",1.82020974458704
"2331",3.52661139373344
"2332",2.10670292891803
"2333",2.84053476734046
"2334",2.08201904840251
"2335",1.71994466436194
"2336",1.74189800708593
"2337",5.01468247166907
"2338",1.57539877507222
"2339",3.50823315079735
"2340",3.6485212925424
"2341",0.430114461875056
"2342",0.997465789039221
"2343",0.482370063341774
"2344",0.282838853679209
"2345",3.43948172892554
"2346",3.52810218217784
"2347",0.250854736833946
"2348",3.8884485278844
"2349",3.19963444512903
"2350",1.17583180197027
"2351",2.05107210440502
"2352",3.96783127474912
"2353",1.05068488441194
"2354",1.89120460554451
"2355",2.59148285743732
"2356",-0.154486689678731
"2357",3.39662987245277
"2358",2.00447215324464
"2359",-0.383334940614929
"2360",1.40231306628253
"2361",3.59469343139097
"2362",0.367943435856068
"2363",1.02855299246174
"2364",3.77264484027068
"2365",2.43684619195221
"2366",1.52709655182177
"2367",3.65777648796639
"2368",0.335223267672818
"2369",2.47138718708322
"2370",4.05604277449831
"2371",0.553397746831573
"2372",2.32212086424461
"2373",1.51243724133386
"2374",1.25429839231037
"2375",1.43416854452215
"2376",4.26126853838765
"2377",-0.62508345501978
"2378",2.20595800338373
"2379",3.69460714769616
"2380",1.63058417616684
"2381",2.49371399288238
"2382",1.76756457041926
"2383",2.81111200413986
"2384",0.222591103906304
"2385",2.90766045547247
"2386",2.55754734888483
"2387",1.7244659925652
"2388",2.80598783321814
"2389",0.237803712102908
"2390",3.12120030120616
"2391",4.38742575142773
"2392",-0.129631557165698
"2393",2.85570733860637
"2394",2.20938720553419
"2395",0.201214943347793
"2396",1.23808907606472
"2397",2.39907622074157
"2398",0.558584148610929
"2399",3.62849510593267
"2400",2.60494261922009
"2401",1.36393701096767
"2402",3.20833191838883
"2403",0.906675957946416
"2404",-1.19630036453529
"2405",2.52865445622767
"2406",2.83040293453805
"2407",0.453278712942264
"2408",4.99360990257763
"2409",3.67235195494999
"2410",-1.27777857041954
"2411",1.62641024613782
"2412",2.59512157072434
"2413",1.16472614533031
"2414",2.62712724541491
"2415",3.63788602460529
"2416",1.36471796272143
"2417",2.18124238131974
"2418",2.00550402570113
"2419",3.28345921630701
"2420",1.09222917614224
"2421",2.71712125379419
"2422",0.365275876126407
"2423",1.58810984027327
"2424",3.67550021049342
"2425",1.12250516254676
"2426",1.47926340427237
"2427",4.34735610118588
"2428",1.80365244938274
"2429",0.418750358167768
"2430",2.39292075636088
"2431",1.98107404035531
"2432",2.39436353859629
"2433",2.78956494141819
"2434",1.18493914154935
"2435",3.39965832565359
"2436",2.76675785731624
"2437",-0.498551771481387
"2438",3.22128742202883
"2439",3.8814139456817
"2440",1.51153765984747
"2441",2.29078887538931
"2442",3.01336403728902
"2443",1.0861295235679
"2444",1.2644892176866
"2445",3.07379502201205
"2446",2.97920764390578
"2447",2.38478935376188
"2448",3.38931670533793
"2449",0.896579576675234
"2450",2.94949230591109
"2451",2.5261341668224
"2452",-0.775300963774117
"2453",1.17230345781327
"2454",2.64021575905343
"2455",1.37271768625389
"2456",3.47707214234752
"2457",3.34341451520645
"2458",0.271629409592563
"2459",2.23882655742005
"2460",2.6248221968633
"2461",1.70312297212072
"2462",1.99747220833484
"2463",2.14930538774184
"2464",1.84533952969929
"2465",1.08136377869069
"2466",2.54861197399753
"2467",0.993114824904655
"2468",1.24014280076476
"2469",0.834088621673323
"2470",0.842142458973787
"2471",1.35276391718283
"2472",2.78513888423366
"2473",0.0850664924442948
"2474",1.83906554226956
"2475",1.81151441821115
"2476",2.26253764282247
"2477",1.94724768385332
"2478",3.31643033921218
"2479",1.7604843641224
"2480",2.36430344876812
"2481",4.16966650508498
"2482",0.516151390081468
"2483",1.63206130790113
"2484",3.64207046861285
"2485",1.06634763347143
"2486",1.99065100010908
"2487",1.81013906125892
"2488",2.62617731657787
"2489",0.626956396620993
"2490",3.55872671431056
"2491",2.02268718846544
"2492",2.23153722860264
"2493",2.86994121395668
"2494",3.23193161119929
"2495",2.24038685220753
"2496",4.7612235677424
"2497",0.445351791691866
"2498",2.55383002056868
"2499",2.04489934320587
"2500",-0.609991102316431
"2501",0.765059946087295
"2502",3.57427582074823
"2503",-0.622436548609649
"2504",0.656017362021612
"2505",1.15453744753606
"2506",3.62996672027675
"2507",1.97625533338945
"2508",3.56190266164234
"2509",1.34223025933298
"2510",1.87462922946945
"2511",4.4751087293062
"2512",-0.837404475165879
"2513",0.493427669400439
"2514",4.21417754676998
"2515",1.42225584859455
"2516",1.35125049125928
"2517",2.34639382470114
"2518",2.28674581933981
"2519",1.1702803488242
"2520",3.15996663511861
"2521",0.127918826136522
"2522",1.12916493757013
"2523",3.43812144243133
"2524",1.52083896273154
"2525",2.30317993767841
"2526",2.53115268708689
"2527",-0.555476488615046
"2528",2.87919073067791
"2529",1.61767570861979
"2530",0.670418710381402
"2531",0.772044286678173
"2532",3.27299995916418
"2533",1.00354224089817
"2534",0.357586270562595
"2535",1.38865393627439
"2536",0.639969235177841
"2537",1.93708328211154
"2538",2.93847782169012
"2539",1.33249298204725
"2540",3.38018653441626
"2541",2.44334382614233
"2542",0.0618902046708931
"2543",1.93572262762113
"2544",3.78593518532271
"2545",1.37937176697852
"2546",2.47198619855612
"2547",3.63674006569299
"2548",1.34629921566593
"2549",1.96303527576355
"2550",3.80683512130137
"2551",-0.257624607935681
"2552",1.32825848757331
"2553",1.32559337927477
"2554",1.28048947946488
"2555",1.17731218370908
"2556",1.52527093716008
"2557",2.41165095952766
"2558",2.39331821389434
"2559",2.95424498788344
"2560",1.57696243705605
"2561",1.90162302799404
"2562",0.957566488232688
"2563",-0.000829562299703657
"2564",3.01626960439703
"2565",1.55865892712022
"2566",1.19550834527491
"2567",2.50224690650874
"2568",3.20106508631729
"2569",0.761660856820445
"2570",1.07569627717233
"2571",3.36398399790679
"2572",0.800670911012613
"2573",4.55552115734541
"2574",2.58841903948921
"2575",1.92806743668419
"2576",-0.227000960805317
"2577",2.34102212410755
"2578",-0.219209447754292
"2579",0.695187364498678
"2580",3.16086711139932
"2581",-0.500357871439425
"2582",2.31035184393325
"2583",3.40253040180735
"2584",-0.702351918883217
"2585",2.24529516157489
"2586",2.97287238154249
"2587",0.634277534109474
"2588",0.946379890396538
"2589",2.6191607069341
"2590",1.3317473667764
"2591",2.08858676698813
"2592",3.01619551041831
"2593",1.89861043856591
"2594",-0.130270631612211
"2595",4.51506182269317
"2596",0.270616200123732
"2597",2.91193189648083
"2598",2.1537785837926
"2599",1.53898922882882
"2600",1.55674897131201
"2601",4.39884260534637
"2602",0.697299661095106
"2603",3.70855532565072
"2604",3.83773314613841
"2605",0.992147547561765
"2606",1.91971097321256
"2607",3.0404116947885
"2608",-0.352069518283852
"2609",1.74439176204643
"2610",2.20930201587153
"2611",0.688738457566983
"2612",2.19569127417116
"2613",4.54351911845344
"2614",3.5066945112817
"2615",1.90729497216273
"2616",2.9821785060263
"2617",0.709890167288383
"2618",0.623953846549832
"2619",2.45857366190511
"2620",2.49737269285726
"2621",0.737064544171726
"2622",2.25550422438405
"2623",2.48351450190268
"2624",0.60456693207221
"2625",3.50661839480382
"2626",2.14788276023856
"2627",3.52084139796063
"2628",3.13627339366738
"2629",-0.00732981786999631
"2630",1.02624517491816
"2631",4.09105072756524
"2632",0.323689940132039
"2633",2.68515612860783
"2634",3.81217335927213
"2635",2.59818019673855
"2636",2.30757506180336
"2637",3.1952839151614
"2638",1.33601343523786
"2639",1.72452758161344
"2640",3.072596357818
"2641",0.557456274746712
"2642",2.18942770038901
"2643",1.16447510488204
"2644",1.86553571765942
"2645",2.28014177216202
"2646",3.4277758730272
"2647",1.44978001897477
"2648",1.47795446526156
"2649",2.40762800895389
"2650",-0.0631767547886783
"2651",2.99198177141371
"2652",3.19425235490121
"2653",0.16697879050518
"2654",1.57985203932561
"2655",1.68162349967031
"2656",1.36532802740257
"2657",3.14483748636181
"2658",2.93270034450796
"2659",-0.321919989481463
"2660",1.55146206126676
"2661",2.44307219289668
"2662",2.43593474965052
"2663",2.71737364712995
"2664",3.06633311452668
"2665",0.782628658448763
"2666",2.12424787575516
"2667",3.18409196544632
"2668",-0.584554662123338
"2669",2.33262283222962
"2670",4.44293235748672
"2671",0.352350851346211
"2672",2.35399404235721
"2673",2.50366101716078
"2674",1.04973236181024
"2675",3.20946902619246
"2676",2.95241634301511
"2677",0.283165889746754
"2678",2.51894485999656
"2679",2.85354023474544
"2680",0.934130390257649
"2681",2.09928798695899
"2682",2.97233604656153
"2683",-0.259798331825152
"2684",1.70587899095753
"2685",0.558007102715467
"2686",1.66962485862303
"2687",1.34842519563793
"2688",3.74067464872059
"2689",2.79834538338034
"2690",1.50163211925659
"2691",1.92853479211425
"2692",1.82225940581851
"2693",3.88957865736244
"2694",5.22352593838448
"2695",1.10914299088408
"2696",1.54933225272132
"2697",2.45899627312131
"2698",0.864069139627731
"2699",1.44117641983017
"2700",4.00750500025989
"2701",1.94725095161732
"2702",2.35313634863609
"2703",1.61614071200768
"2704",0.389143654726761
"2705",3.25112578429456
"2706",2.9487697987965
"2707",1.9670125786585
"2708",1.73945528762783
"2709",3.52091131996258
"2710",-0.108832960769812
"2711",3.96122758571337
"2712",2.77151087184018
"2713",0.998141488285544
"2714",2.32156112366767
"2715",2.47545177759591
"2716",0.843110929287115
"2717",2.26714160982922
"2718",3.59017057255016
"2719",0.539753783564159
"2720",0.915635063962373
"2721",4.13315701548383
"2722",2.10525598400592
"2723",4.16811555388246
"2724",3.41090823760418
"2725",1.98468767311565
"2726",1.36375552866851
"2727",3.04268760266846
"2728",-0.406608635472698
"2729",2.132658888022
"2730",2.83015250517363
"2731",-1.10600262791109
"2732",2.09170990531961
"2733",1.52885790598853
"2734",1.29369203309515
"2735",4.62310573645975
"2736",0.0771455688951965
"2737",0.653699615113876
"2738",2.74097750222959
"2739",3.84897641174883
"2740",-0.903593642855275
"2741",4.27035974750582
"2742",3.20978100993186
"2743",1.70702145929175
"2744",0.7028213943561
"2745",0.363566188527216
"2746",1.10562040055867
"2747",1.99575989933475
"2748",3.79888105974612
"2749",1.66684522628626
"2750",2.52856332553227
"2751",4.2074113888453
"2752",0.592301757139231
"2753",2.59003044247567
"2754",3.38040071361902
"2755",1.63566887027917
"2756",2.16983239162692
"2757",4.22294460253786
"2758",1.66264606690866
"2759",1.22784232727941
"2760",2.73930420371461
"2761",0.15324332458999
"2762",1.79947435613884
"2763",4.17834561965559
"2764",-0.00848004947058478
"2765",2.98798282636453
"2766",2.83534879739808
"2767",1.35529606157686
"2768",1.08431464680989
"2769",5.40029902845594
"2770",1.0650108520588
"2771",0.919698141553011
"2772",2.75809640743174
"2773",0.742507625654094
"2774",0.100727805157153
"2775",2.19676598069262
"2776",-0.940548831970166
"2777",3.14546359977554
"2778",3.48704555949006
"2779",1.20019877766146
"2780",0.884877534643435
"2781",2.65038383158046
"2782",1.43191584868701
"2783",3.04216844433405
"2784",2.93151926955245
"2785",0.275709768333064
"2786",1.63597209651438
"2787",3.35706038331228
"2788",0.963178509353029
"2789",4.95336199638953
"2790",2.7467979372894
"2791",1.64017741341372
"2792",2.16207986632105
"2793",4.80748829110076
"2794",1.15670986644224
"2795",2.5338315687337
"2796",2.26495942918886
"2797",2.06746652267507
"2798",1.61670086445111
"2799",1.53587013451219
"2800",1.2728964728934
"2801",1.89514681794826
"2802",2.70798571024863
"2803",-0.610580698218638
"2804",1.01945713529277
"2805",1.44123919735585
"2806",1.52549885405337
"2807",2.22616944459231
"2808",5.24240255537157
"2809",-0.0401777681216386
"2810",2.89049846864744
"2811",3.87169136481174
"2812",0.750904166773379
"2813",3.31956770976314
"2814",2.68921623705024
"2815",0.772053821692148
"2816",2.27642811815224
"2817",3.9543950944106
"2818",-0.109920241541068
"2819",1.2944284467054
"2820",2.16319278216099
"2821",0.579249444054436
"2822",1.47368076747953
"2823",1.29663286981165
"2824",0.0821497173982184
"2825",3.10071235905735
"2826",3.8159726815109
"2827",-0.321043550478724
"2828",1.50811298876005
"2829",1.97357375097046
"2830",1.76190603468658
"2831",3.449055732251
"2832",2.70712418536101
"2833",2.01010296104786
"2834",3.28855247807016
"2835",3.16522031526866
"2836",-1.05827525917227
"2837",1.37480858221222
"2838",2.80435307502036
"2839",0.54109487756261
"2840",1.53284835386036
"2841",2.82090132298162
"2842",0.609854573813294
"2843",2.6519319350608
"2844",1.48520009310095
"2845",0.474665401212705
"2846",2.77980002178636
"2847",1.5350979548087
"2848",0.332088389314591
"2849",1.4494788300503
"2850",3.33337606910523
"2851",2.19714153024101
"2852",3.04636079056493
"2853",2.8056654893403
"2854",1.64697845330872
"2855",1.68750564855508
"2856",4.67379211452446
"2857",-0.194153508509778
"2858",1.98532584493325
"2859",4.52115455626337
"2860",0.525132282192198
"2861",1.42110573558226
"2862",1.45875677646906
"2863",0.189937114042814
"2864",1.91927100181923
"2865",2.12023565379025
"2866",3.16427235132191
"2867",2.79636948834211
"2868",2.77571244490396
"2869",1.13569822582657
"2870",3.37761149890281
"2871",1.3856397537648
"2872",-0.608445333883392
"2873",1.5858423945975
"2874",2.31069668627049
"2875",1.12092300572978
"2876",0.751382466587385
"2877",4.20906117811414
"2878",0.673358551992739
"2879",3.10747849420994
"2880",3.99441443251461
"2881",0.0916992096272363
"2882",2.2181084494905
"2883",3.85248517677102
"2884",-0.792219054271609
"2885",1.32645584057603
"2886",3.49245366270383
"2887",0.584751465775933
"2888",1.41776340643858
"2889",2.85565744709816
"2890",-0.851353719772164
"2891",1.90923980942037
"2892",2.59382891797986
"2893",-0.631845063752771
"2894",1.7712329750681
"2895",3.41917533677949
"2896",1.33898564796229
"2897",1.94134297053085
"2898",3.34268300392282
"2899",0.710833781236135
"2900",3.45512471297817
"2901",4.87405767382474
"2902",0.545702304696703
"2903",2.30573390094963
"2904",2.63309753871278
"2905",2.54161738251831
"2906",3.97488386917231
"2907",2.98687691427335
"2908",1.41521906525018
"2909",2.48406927037822
"2910",2.89323653821693
"2911",1.49760686937166
"2912",0.868086900090107
"2913",2.03276201798797
"2914",1.15029439318213
"2915",2.32091482557591
"2916",1.93777789546601
"2917",2.71138782382473
"2918",2.96412883588711
"2919",1.5690465083211
"2920",1.78076244510967
"2921",1.86877512125826
"2922",1.82772157454382
"2923",1.23893671271403
"2924",2.11331806254048
"2925",1.26977413398411
"2926",2.74050462531684
"2927",1.77815805927714
"2928",4.63417978891377
"2929",2.5704376289909
"2930",1.20727386654832
"2931",2.5180859093281
"2932",1.0735749230253
"2933",1.95347824171799
"2934",2.95810871007288
"2935",0.410199242482808
"2936",3.63133637917434
"2937",3.83746132269605
"2938",0.272546400714243
"2939",3.65143470704181
"2940",1.74356329592914
"2941",0.222724446313547
"2942",1.0356439719161
"2943",3.84546885011068
"2944",0.398811051568506
"2945",1.92784763188463
"2946",2.35722287675458
"2947",2.53027427274105
"2948",1.17948253618773
"2949",2.72304206001983
"2950",-0.149464867499193
"2951",1.49753608712958
"2952",3.63504680013483
"2953",1.96591905484053
"2954",0.974438200285688
"2955",2.26265253143603
"2956",1.02145282158174
"2957",0.522205736815755
"2958",2.99720442667578
"2959",1.41290899766602
"2960",1.51293614748563
"2961",2.53828758017775
"2962",0.911946701690155
"2963",2.02229168175336
"2964",1.95288071343661
"2965",0.0595731017902571
"2966",1.81135402043179
"2967",1.15182233675858
"2968",0.975300487603553
"2969",1.44726024377072
"2970",3.30168615814036
"2971",1.56380608582932
"2972",2.27148703374575
"2973",3.08837203087316
"2974",1.06013986196865
"2975",2.64318796619355
"2976",1.80898697843868
"2977",-0.3562251239902
"2978",0.683810682334886
"2979",3.05459379472003
"2980",0.767026678499601
"2981",1.53553235939293
"2982",3.01928604867842
"2983",1.16526792150476
"2984",3.11143879593331
"2985",4.71598193301561
"2986",0.258027426490904
"2987",0.360358337054405
"2988",2.82530054503105
"2989",0.0804308929685932
"2990",2.00414065688609
"2991",2.68702224900024
"2992",0.874231110369932
"2993",0.630537778392461
"2994",2.85136960109141
"2995",0.168565065148962
"2996",1.80710724754237
"2997",2.83714432993741
"2998",1.56988111403781
"2999",2.18940980722262
"3000",2.12106251103178
